,subreddit_bool,preds
3877,0,0
913,1,0
1560,1,1
2092,1,1
4340,0,0
849,1,0
5579,0,0
1051,1,1
3086,0,0
1845,1,0
2309,1,0
4825,0,1
1494,1,0
1429,1,0
3645,0,0
2532,1,0
1237,1,0
1132,1,1
3608,0,1
1610,1,1
678,1,1
574,1,0
1236,1,0
5066,0,1
4758,0,0
1809,1,0
4376,0,0
159,1,0
1301,1,1
5431,0,0
2190,1,0
3161,0,0
3668,0,1
1714,1,0
3975,0,0
2927,0,1
3103,0,0
2613,1,1
2996,0,0
4664,0,0
1999,1,0
2845,1,0
3759,0,1
1968,1,1
5397,0,0
4923,0,0
2703,1,0
268,1,0
2237,1,0
2345,1,0
5015,0,0
1935,1,0
141,1,0
397,1,1
872,1,1
4197,0,0
1303,1,0
5784,0,0
3615,0,0
1213,1,1
280,1,1
5145,0,0
4589,0,0
3067,0,0
880,1,1
5743,0,0
2915,0,0
222,1,0
4837,0,0
1547,1,0
4798,0,1
4056,0,0
546,1,1
2188,1,1
1474,1,1
4503,0,1
5041,0,0
910,1,1
632,1,1
4062,0,0
3095,0,0
5601,0,0
1356,1,1
3302,0,1
48,1,1
1464,1,1
1736,1,0
1787,1,0
5772,0,0
2169,1,1
67,1,0
1677,1,0
5267,0,0
3702,0,1
3207,0,0
909,1,0
1257,1,1
2258,1,0
2660,1,1
2016,1,0
2005,1,0
1762,1,1
4900,0,0
2295,1,1
4722,0,0
1605,1,0
2269,1,0
1594,1,1
1683,1,1
3141,0,1
1127,1,1
5643,0,0
2355,1,0
1137,1,1
660,1,0
1299,1,1
1572,1,0
269,1,0
1035,1,1
5390,0,0
5258,0,0
1715,1,1
5507,0,0
1492,1,0
1793,1,0
4725,0,1
1455,1,1
1952,1,1
665,1,0
4277,0,0
2515,1,1
4968,0,1
2680,1,1
2479,1,1
5227,0,0
267,1,1
3736,0,1
5471,0,0
1178,1,1
4260,0,0
1574,1,1
2011,1,0
1463,1,1
3927,0,1
6,1,0
357,1,0
164,1,0
2696,1,0
2372,1,0
2593,1,1
4769,0,0
4944,0,0
3554,0,0
2852,1,0
1644,1,1
3372,0,0
1180,1,0
115,1,1
2211,1,0
1251,1,1
4836,0,1
5443,0,0
1823,1,0
4586,0,0
2261,1,0
2315,1,1
4218,0,0
1346,1,0
4705,0,0
946,1,1
4988,0,0
178,1,0
5237,0,0
2120,1,0
2485,1,1
4271,0,0
1378,1,1
5256,0,0
449,1,0
5770,0,0
2111,1,0
2942,0,0
4130,0,1
2767,1,1
5295,0,0
4425,0,1
5434,0,0
2701,1,0
3541,0,1
4437,0,0
3393,0,0
669,1,0
317,1,1
2497,1,0
1088,1,1
264,1,0
1515,1,1
775,1,0
2243,1,0
4665,0,0
3685,0,0
578,1,0
3697,0,0
5531,0,0
855,1,1
258,1,1
935,1,1
131,1,0
3881,0,0
5752,0,0
5742,0,1
398,1,0
2692,1,1
3110,0,0
1058,1,0
1878,1,0
2850,1,1
2217,1,1
2524,1,1
3739,0,0
2948,0,0
405,1,1
3778,0,0
1226,1,1
2151,1,0
2714,1,1
1449,1,0
2224,1,1
645,1,0
3937,0,0
1936,1,0
5586,0,1
1982,1,1
3340,0,0
5071,0,0
1207,1,0
3106,0,0
792,1,0
2561,1,0
656,1,1
2458,1,1
5170,0,0
1563,1,0
1154,1,1
4601,0,0
3573,0,0
5375,0,0
1479,1,0
2015,1,1
2761,1,1
985,1,0
1460,1,1
612,1,1
2048,1,0
4991,0,0
5746,0,0
4163,0,1
3402,0,0
3944,0,0
1548,1,0
1731,1,1
3826,0,0
3278,0,0
2720,1,1
1855,1,0
941,1,0
5107,0,0
4523,0,1
4809,0,0
5688,0,0
1415,1,0
1053,1,0
125,1,0
951,1,1
4294,0,0
979,1,0
4688,0,0
244,1,1
2616,1,1
4235,0,0
4850,0,0
1847,1,1
1588,1,0
5223,0,1
5097,0,0
981,1,0
1712,1,1
2390,1,1
4322,0,0
1387,1,1
3774,0,0
2046,1,0
2833,1,1
2820,1,1
1045,1,1
1648,1,0
5424,0,1
1398,1,0
4120,0,0
3690,0,0
3443,0,0
2693,1,1
3452,0,0
5430,0,0
4542,0,0
4841,0,0
362,1,1
2136,1,1
5725,0,0
4744,0,1
123,1,1
442,1,0
2172,1,1
430,1,0
5759,0,0
1502,1,0
374,1,1
1517,1,1
3421,0,0
1698,1,0
3539,0,0
4574,0,0
906,1,1
778,1,0
1098,1,0
5242,0,0
4687,0,0
3107,0,1
929,1,1
1525,1,0
4379,0,1
24,1,0
1442,1,0
4716,0,1
1380,1,1
3918,0,0
770,1,0
3800,0,1
1367,1,1
821,1,1
595,1,0
2952,0,0
4801,0,0
902,1,1
3298,0,0
3987,0,0
5395,0,0
2712,1,1
557,1,0
2925,0,1
5341,0,1
3569,0,1
727,1,0
1510,1,1
2580,1,0
1863,1,1
58,1,0
1395,1,0
1749,1,0
3522,0,0
4074,0,1
3741,0,0
1846,1,1
995,1,0
1314,1,0
2527,1,0
835,1,1
256,1,1
1336,1,1
863,1,0
4059,0,0
5394,0,0
2320,1,0
3301,0,0
4446,0,1
4730,0,0
4754,0,0
1642,1,1
2604,1,0
3679,0,0
4592,0,0
5781,0,0
1799,1,1
703,1,0
427,1,0
3703,0,0
3533,0,0
1944,1,1
5665,0,1
3863,0,0
3381,0,1
4729,0,0
3743,0,0
5438,0,1
5007,0,0
819,1,0
2974,0,0
1915,1,1
4509,0,0
4954,0,0
1185,1,1
1298,1,0
2995,0,0
1366,1,0
4302,0,0
3361,0,0
4762,0,0
3025,0,0
3243,0,0
5489,0,0
3861,0,1
2235,1,1
1138,1,0
5595,0,1
4491,0,0
5679,0,0
1830,1,0
4086,0,0
2220,1,1
2433,1,0
5578,0,0
1249,1,1
1152,1,0
4388,0,0
3594,0,0
5463,0,0
2238,1,0
2073,1,0
3859,0,0
5720,0,1
4613,0,0
2122,1,1
5232,0,0
4375,0,0
1519,1,1
2796,1,0
5355,0,1
3675,0,0
3380,0,0
2367,1,0
4046,0,0
4474,0,0
403,1,1
2799,1,1
5439,0,0
4435,0,0
1996,1,0
5671,0,0
2573,1,1
5299,0,0
3783,0,1
4053,0,0
4933,0,0
2654,1,1
3681,0,0
5462,0,0
2150,1,0
4366,0,0
1960,1,0
1896,1,0
4567,0,0
5217,0,0
1233,1,0
5344,0,0
3860,0,0
4796,0,0
1259,1,0
3305,0,0
1701,1,1
4554,0,0
3729,0,0
3112,0,0
1307,1,0
2293,1,1
155,1,0
3766,0,0
5086,0,0
2723,1,1
939,1,1
4912,0,0
4314,0,0
1522,1,1
4455,0,0
4477,0,0
1386,1,1
779,1,0
234,1,0
2748,1,1
2520,1,1
3290,0,0
5000,0,0
4200,0,0
5171,0,0
226,1,1
4625,0,0
2459,1,0
3921,0,0
3802,0,0
3721,0,0
3701,0,1
2194,1,1
1655,1,0
2875,1,1
1998,1,1
5546,0,0
5052,0,0
1085,1,1
5161,0,0
2392,1,0
4902,0,0
5656,0,0
4275,0,0
1589,1,1
3638,0,1
1958,1,0
2130,1,1
4344,0,0
3656,0,0
3028,0,0
2300,1,0
1811,1,0
1089,1,0
3878,0,1
1473,1,1
1399,1,1
1111,1,1
4045,0,0
4090,0,0
1587,1,1
3666,0,0
1136,1,1
5099,0,0
4887,0,0
5798,0,0
4584,0,1
923,1,0
2395,1,0
5274,0,0
4585,0,1
987,1,1
1900,1,0
5597,0,0
723,1,0
1771,1,1
2326,1,0
593,1,1
1316,1,0
558,1,0
2178,1,1
5233,0,0
820,1,1
4156,0,1
5391,0,0
5669,0,0
4875,0,1
4582,0,0
459,1,0
2785,1,1
2428,1,0
1577,1,0
52,1,1
200,1,1
3430,0,0
5105,0,0
1497,1,1
1659,1,0
4640,0,1
4733,0,0
5756,0,0
2688,1,0
2686,1,1
847,1,0
4487,0,0
550,1,1
3581,0,1
3410,0,0
4976,0,0
5360,0,0
2522,1,0
4237,0,0
3669,0,0
5184,0,0
2907,0,0
2303,1,1
1781,1,1
4021,0,1
5444,0,0
340,1,1
3303,0,1
1866,1,1
5056,0,1
2285,1,0
3343,0,1
1727,1,1
2956,0,0
3605,0,0
1123,1,0
4054,0,0
4657,0,1
3375,0,0
4426,0,0
1017,1,0
5414,0,1
556,1,0
4121,0,0
2512,1,1
2514,1,1
1758,1,0
2614,1,1
3506,0,1
1682,1,1
1697,1,1
4476,0,1
4269,0,0
4149,0,0
976,1,0
4422,0,0
5437,0,0
2848,1,1
658,1,1
2621,1,1
4712,0,0
3710,0,0
601,1,1
197,1,1
1852,1,0
1450,1,0
4541,0,0
1946,1,1
4861,0,1
331,1,1
2757,1,0
493,1,1
2010,1,1
5159,0,0
5464,0,1
1003,1,0
5450,0,0
888,1,0
4398,0,0
4904,0,0
5104,0,0
3279,0,0
40,1,1
3786,0,0
3898,0,0
5112,0,0
504,1,0
4555,0,1
726,1,1
4321,0,0
3147,0,0
4747,0,0
5321,0,0
4852,0,0
3265,0,0
4203,0,0
967,1,0
1241,1,0
1819,1,0
5222,0,0
419,1,1
4428,0,0
4158,0,0
1856,1,0
552,1,1
3839,0,0
5062,0,0
2765,1,1
5673,0,0
3951,0,0
1576,1,0
440,1,1
470,1,1
2749,1,0
4865,0,0
1140,1,0
5361,0,0
2806,1,1
4947,0,1
2336,1,1
2242,1,0
140,1,0
5554,0,0
5211,0,0
5049,0,1
3059,0,1
2492,1,0
5730,0,0
2597,1,0
5683,0,1
2287,1,0
1681,1,1
3190,0,0
104,1,0
5581,0,1
2377,1,1
5338,0,0
5749,0,0
3646,0,0
4994,0,0
5686,0,1
5590,0,0
1278,1,0
5635,0,0
2302,1,1
3186,0,0
82,1,0
2394,1,0
1289,1,1
4700,0,0
3445,0,0
3776,0,0
5503,0,0
3545,0,0
904,1,1
866,1,0
1141,1,1
3757,0,0
3223,0,1
3423,0,1
3731,0,0
2387,1,1
1529,1,0
4967,0,1
3547,0,0
4103,0,0
2014,1,1
2661,1,1
353,1,1
2814,1,1
2464,1,1
3352,0,0
4549,0,0
5130,0,0
4202,0,0
3966,0,0
2876,1,1
4290,0,0
2221,1,1
1812,1,0
5103,0,0
4384,0,0
2652,1,1
3122,0,1
5183,0,0
1950,1,0
1403,1,1
930,1,0
2563,1,1
5731,0,0
3159,0,0
276,1,1
1772,1,0
4025,0,0
3108,0,0
5373,0,0
2381,1,1
0,1,0
4610,0,0
1842,1,1
786,1,0
3659,0,1
3512,0,0
2551,1,1
3609,0,1
3623,0,1
1110,1,0
3552,0,1
4639,0,0
5215,0,0
5783,0,0
5120,0,0
3262,0,1
5721,0,0
4421,0,0
1461,1,0
4078,0,0
5126,0,0
1953,1,0
1995,1,1
1466,1,1
3614,0,1
475,1,1
3036,0,0
2764,1,1
5518,0,1
1023,1,0
1347,1,1
5143,0,0
1767,1,1
1635,1,0
4433,0,0
2902,1,1
4118,0,1
2222,1,1
5677,0,0
5356,0,0
5754,0,0
2043,1,0
1551,1,0
2713,1,1
500,1,1
467,1,0
1381,1,0
4058,0,0
3801,0,0
2037,1,1
2659,1,1
3760,0,1
4787,0,0
4401,0,0
2910,0,0
2311,1,0
5203,0,0
3862,0,0
2894,1,0
1986,1,0
4230,0,0
1602,1,0
4111,0,0
193,1,0
817,1,0
3529,0,0
2917,0,1
1482,1,0
714,1,1
4181,0,0
554,1,1
4531,0,0
908,1,0
2890,1,1
4089,0,1
1693,1,0
1621,1,0
39,1,0
647,1,0
1930,1,0
667,1,0
5300,0,0
4273,0,1
1898,1,0
2434,1,1
2096,1,1
990,1,0
519,1,1
3447,0,0
2440,1,0
441,1,1
4042,0,0
5633,0,0
5599,0,1
5566,0,0
5658,0,0
2274,1,0
436,1,0
1724,1,0
1674,1,0
1146,1,0
2985,0,0
1490,1,0
631,1,1
1076,1,0
3758,0,0
522,1,1
5123,0,1
4942,0,0
4064,0,0
5536,0,0
2846,1,0
3001,0,1
2496,1,1
3173,0,0
2041,1,0
4188,0,0
5106,0,0
5034,0,1
3902,0,0
1531,1,0
3043,0,0
3941,0,0
3465,0,0
541,1,1
5206,0,0
337,1,1
5613,0,0
5247,0,0
3071,0,1
4691,0,1
2944,0,1
187,1,0
3297,0,0
1590,1,1
1228,1,1
895,1,1
687,1,0
5417,0,0
4144,0,0
1972,1,0
3155,0,0
2282,1,0
3501,0,1
1904,1,0
4036,0,0
5587,0,0
21,1,1
1875,1,0
4434,0,0
1130,1,1
3546,0,0
1327,1,1
3295,0,1
905,1,0
771,1,1
3866,0,0
3769,0,0
5426,0,0
1431,1,1
5045,0,0
1784,1,1
4146,0,0
1800,1,1
3078,0,0
5075,0,0
3129,0,0
2941,0,1
4068,0,0
1064,1,1
5011,0,0
1264,1,1
5047,0,0
4346,0,0
288,1,0
56,1,1
539,1,1
3275,0,1
2883,1,0
1070,1,1
2256,1,0
173,1,0
659,1,0
4892,0,0
1627,1,1
3174,0,0
2324,1,1
4812,0,0
189,1,0
1313,1,0
532,1,0
285,1,1
5006,0,1
3558,0,0
989,1,1
3009,0,0
5478,0,1
4461,0,1
5291,0,0
1746,1,0
299,1,1
5614,0,0
3734,0,0
4888,0,0
5550,0,0
5723,0,0
4864,0,1
2591,1,1
1841,1,1
3756,0,0
2343,1,1
246,1,1
3324,0,0
839,1,1
4133,0,0
3310,0,1
526,1,1
3790,0,0
3914,0,1
639,1,1
4593,0,0
2078,1,1
2044,1,0
573,1,0
2405,1,0
858,1,1
5525,0,0
4663,0,0
4537,0,0
942,1,1
1649,1,0
3446,0,0
3199,0,1
355,1,0
5207,0,0
2019,1,1
4536,0,0
2379,1,0
1928,1,1
3376,0,0
5685,0,0
138,1,1
4611,0,1
5615,0,0
22,1,0
4060,0,0
5230,0,0
5385,0,1
3922,0,0
1238,1,0
5402,0,1
209,1,1
1565,1,0
1997,1,0
3405,0,0
2590,1,1
3168,0,1
4097,0,1
266,1,1
3971,0,0
4402,0,0
3408,0,0
112,1,0
2232,1,1
4544,0,0
1675,1,1
5692,0,1
3022,0,0
5653,0,1
4674,0,0
455,1,0
81,1,0
998,1,1
587,1,0
2798,1,1
1304,1,1
2007,1,0
4727,0,0
3483,0,0
1708,1,0
4001,0,0
5504,0,0
3096,0,0
4315,0,0
5051,0,0
5764,0,1
282,1,1
4953,0,0
359,1,1
2331,1,0
3926,0,1
2606,1,0
481,1,0
1440,1,0
4385,0,0
4621,0,0
5528,0,1
648,1,0
3052,0,1
928,1,0
1909,1,1
2429,1,1
4604,0,0
2461,1,0
3468,0,0
2248,1,1
3514,0,1
1943,1,0
1710,1,0
4501,0,0
891,1,1
2358,1,1
4805,0,0
3066,0,0
5200,0,0
4345,0,0
4073,0,0
1179,1,1
3049,0,0
575,1,1
1043,1,1
3241,0,0
4349,0,1
5064,0,0
4406,0,0
4440,0,1
5499,0,0
661,1,0
4599,0,1
2400,1,1
5728,0,0
3965,0,0
4880,0,0
4448,0,0
2603,1,0
3589,0,0
1439,1,1
832,1,1
3983,0,0
3653,0,1
5672,0,0
3587,0,1
2442,1,1
3531,0,0
2279,1,1
5698,0,0
1889,1,0
2724,1,0
1680,1,1
3805,0,0
4061,0,0
5787,0,0
2036,1,1
5474,0,0
1838,1,0
4980,0,1
1827,1,0
1910,1,1
5333,0,1
1196,1,0
4206,0,0
4047,0,0
5682,0,0
2280,1,1
2088,1,1
3480,0,0
5339,0,1
4708,0,0
4168,0,0
2241,1,1
5173,0,0
5547,0,0
1014,1,0
1591,1,1
4254,0,0
2644,1,0
980,1,0
796,1,1
1884,1,0
562,1,1
4962,0,0
2605,1,0
3619,0,0
2968,0,0
4410,0,0
1585,1,1
3968,0,0
603,1,0
2318,1,1
2468,1,0
5141,0,1
5297,0,1
682,1,1
5111,0,0
4540,0,0
1899,1,1
1227,1,0
2314,1,0
1829,1,1
5640,0,0
3830,0,1
2174,1,0
2861,1,1
1530,1,1
2599,1,1
2504,1,1
2467,1,1
2737,1,1
2305,1,0
958,1,1
1107,1,1
1970,1,0
4495,0,0
4115,0,0
5495,0,1
3672,0,0
948,1,1
2021,1,1
1629,1,0
1833,1,1
2970,0,0
3263,0,0
2707,1,0
729,1,0
581,1,1
5406,0,0
4351,0,0
18,1,0
153,1,0
2628,1,1
1808,1,1
3418,0,0
4570,0,0
5294,0,0
1348,1,0
2354,1,1
3358,0,0
3365,0,0
844,1,0
4807,0,0
396,1,1
3323,0,0
1523,1,0
1751,1,0
2156,1,1
2257,1,0
694,1,0
4569,0,0
3469,0,1
1810,1,1
4233,0,1
3236,0,0
2817,1,0
1821,1,1
583,1,0
1402,1,1
2070,1,1
5058,0,1
3562,0,1
136,1,1
801,1,0
4480,0,0
2416,1,1
3897,0,0
3039,0,1
3294,0,1
1159,1,1
695,1,1
3782,0,0
1106,1,0
997,1,0
1104,1,0
3004,0,0
5708,0,0
5596,0,0
3998,0,0
182,1,1
5556,0,0
3170,0,1
1143,1,0
5622,0,1
5641,0,0
5519,0,1
161,1,0
4971,0,0
3416,0,1
1125,1,1
3634,0,0
3033,0,0
1309,1,1
2352,1,0
5605,0,0
2478,1,1
1457,1,0
3456,0,0
4588,0,0
933,1,1
3306,0,1
3394,0,1
4693,0,1
4123,0,1
3565,0,0
4679,0,0
4162,0,0
2487,1,0
4982,0,0
2715,1,1
4829,0,0
3284,0,0
1948,1,0
4390,0,1
1150,1,1
3154,0,1
628,1,1
1556,1,1
5346,0,1
1469,1,0
1124,1,1
2267,1,1
3486,0,1
1628,1,1
1384,1,0
3579,0,0
3604,0,0
2533,1,0
358,1,1
4212,0,0
5401,0,0
1774,1,0
882,1,1
4485,0,0
1478,1,0
5364,0,0
1011,1,1
261,1,0
2466,1,0
76,1,0
3883,0,0
1134,1,1
1377,1,1
392,1,0
3664,0,0
5637,0,0
2231,1,0
1050,1,1
4605,0,0
4259,0,0
854,1,1
4702,0,0
4890,0,0
816,1,1
4173,0,0
2489,1,0
3886,0,1
3475,0,1
912,1,1
2203,1,0
1447,1,1
3318,0,1
1012,1,0
2783,1,1
3934,0,0
5510,0,0
5088,0,0
5734,0,1
761,1,1
1036,1,0
5136,0,0
423,1,0
3901,0,0
1850,1,0
3140,0,0
4032,0,0
1031,1,0
1283,1,0
3285,0,0
4799,0,1
3590,0,0
2413,1,0
3060,0,0
162,1,1
3309,0,0
1573,1,0
3492,0,1
1967,1,0
2620,1,0
5269,0,0
2501,1,1
413,1,0
4790,0,0
2940,0,0
3092,0,0
3622,0,0
3151,0,0
4035,0,0
4974,0,0
4539,0,0
3873,0,1
3834,0,0
2611,1,0
4125,0,1
2667,1,1
3784,0,1
2772,1,0
5331,0,0
2795,1,0
4051,0,0
1239,1,1
2319,1,1
4749,0,0
4781,0,0
2601,1,0
2454,1,1
2946,0,0
4955,0,1
1489,1,0
364,1,1
5249,0,1
1939,1,1
1337,1,1
4306,0,0
2587,1,1
4028,0,0
785,1,1
361,1,1
4264,0,0
1739,1,1
5079,0,1
1790,1,0
3988,0,0
3354,0,0
4906,0,0
2981,0,0
4759,0,0
4391,0,0
342,1,0
4591,0,0
2804,1,0
5791,0,0
386,1,1
2306,1,0
201,1,1
5741,0,1
3398,0,0
818,1,0
4454,0,0
700,1,1
3020,0,0
3720,0,0
2158,1,0
3865,0,0
1750,1,0
1792,1,1
5422,0,0
2266,1,0
2123,1,0
382,1,1
2186,1,0
4987,0,0
3982,0,0
2307,1,0
2575,1,1
973,1,0
3131,0,0
1418,1,1
1325,1,0
1054,1,1
4124,0,0
3564,0,0
5619,0,1
3676,0,1
328,1,0
5644,0,0
4296,0,0
3972,0,1
1475,1,0
2334,1,0
2988,0,0
5113,0,0
4628,0,1
5048,0,0
5593,0,0
482,1,1
1528,1,0
3957,0,0
2140,1,0
4252,0,0
4072,0,0
2822,1,1
1932,1,0
4602,0,0
2922,0,0
3925,0,1
5028,0,0
